Abiskomy,Ablabesm,Acamptoc,Allopsec,Brillia,Bryophae,C.obnixu,C.trifas,Chaetocl,Chir.ant,Chir.plu,Cladopel,Cladot,Cory.amb,Cory.arc,Cory.cor,Cory.edw,Cory.lob,Cory.oli,Coryno.A,Cric.292,Cric.cyl,Cric.ind,Cric.syl,Cric.tri,Crico.C,Crico.P,CriOrtA,Cryptoch,Cryptote,D.bertra,Diam.abe,Diamesa,Dicroten,Diplocla,Einfeldi,Endo.alb,Endo.imp,Endo.ten,Euki.dev,Eukieffe,Euorthoc,Georthoc,Glyptote,Guttipel,H.tanyta,Heleniel,Hete.bru,Hete.gri,Hete.mar,Hete.sub,Hydr.con,Hydr.joh,Hydr.lug,HydrobaX,Kiefferu,Krenopel,Krenosmi,Labrundi,Lauterbo,Limnophy,MApDerPs,Mesocric,Mesopsec,Metr.eur,Metr.fus,Micr.ped,Micro.in,Micro.P,Micro.pa,Micro.ra,Microchi,Monodiam,Nano.bra,Nano.rec,Natarsia,Nilotany,O.ius,Omisus,Orth.oli,Orth.S,Orth.tri,P.albima,P.gracil,P.psilop,P.vitios,Pagastie,Para.aus,Para.bat,Para.cor,Para.nig,Para.nud,Para.pen,Para.tri,Para.var,Parachae,Paraclad,Paraclop,Paracric,Parak.A,Parameri,Paraphae,Parasmit,Paro.kie,Parortho,Phae.fla,Phaen.A,Pogonocl,Poly.con,Poly.nub,Poly.sor,Procladi,Prodiame,Props.N,Protanyp,Psec.sep,Psec.sor,Pseudoch,Pseudodi,Pseudort,Pseudosm,Rheo.cha,Rheo.eff,Rheo.fus,Rheotany,S.longiv,S.rosens,Sergenti,Smittia,St.nella,Stempell,Stenochi,Sticto.A,Stilocla,Symposio,Synortho,T.lactes,T.nemo,Tany.chi,Tany.gla,Tany.lu2,Tany.lug,Tany.men,Tany.pal,Tanypus,Th.myia,Thie.cla,Thien.E,Tvetenia,Xenochir,Zalu.zal,Zalut.A,Zalut.B,Zavrelim
0,1.61290322580645,0,0,0,0,0,0,0,0,1.61290322580645,1.61290322580645,8.06451612903226,1.61290322580645,3.2258064516129,1.61290322580645,0,0,0,0,4.83870967741935,0,0,0,0,0,0,0,1.61290322580645,0,0,0,1.61290322580645,0,0,4.83870967741935,0,0,0,0,0,0,0,1.61290322580645,0,0,0,0,0,0,0,0,0,0,0,0,0,0,0,0,0,0,0,3.2258064516129,0,0,0,0,0,0,0,0,0,0,3.2258064516129,0,0,0,0,0,0,0,0,0,0,0,0,0,0,0,0,0,0,0,0,0,0,0,0,1.61290322580645,0,0,0,0,0,1.61290322580645,0,0,0,14.5161290322581,0,3.2258064516129,0,0,0,0,0,0,0,0,0,0,0,0,0,0,0,0,0,1.61290322580645,0,0,0,0,0,0,17.741935483871,0,0,1.61290322580645,0,6.45161290322581,0,0,0,0,0,0,0,0,0,0,0,0
0,1.53846153846154,0,0,0,0,0,0,0,1.02564102564103,3.58974358974359,2.05128205128205,9.74358974358974,0,1.02564102564103,12.8205128205128,0,0,0,0,1.53846153846154,0,0,0,0,0,0,0,1.02564102564103,0,0,0,2.56410256410257,0.512820512820513,0,3.07692307692308,0,0,0,0,0,0,0,0,0,0,0,0,0,0,0,0,0,0,0,0,0,0.512820512820513,0,0,0,0,0,3.07692307692308,0,0,1.02564102564103,0,0,0,0,2.05128205128205,0,0,1.02564102564103,0,0,0,0,0,0,0,0,0,1.53846153846154,0,0,0,0,0,0,0,0,0,0,0,0,0,0,5.12820512820513,0,0,0,0,0,1.53846153846154,1.53846153846154,0,0,7.17948717948718,0,1.53846153846154,0,0,0,0,0,0,0,0,0,0,0,0,0,0,0,0,0,0,0,0,0,0,0,0,16.9230769230769,0,0,4.61538461538462,0,2.56410256410256,0,0,0,0.512820512820513,0,0,0,2.5641025641025657,0,0,0,0
0,3.84615384615385,0,0,0,0,0,0,0,2.56410256410256,2.56410256410256,3.84615384615385,12.8205128205128,1.28205128205128,0,5.12820512820513,0,0,0,0,1.28205128205128,0,0,0,0,0,0,0,2.56410256410256,0,0,0,3.8461538461538396,1.28205128205128,0,1.28205128205128,0,0,0,0,0,0,0,0,0,0,0,0,0,0,0,0,0,0,0,0,0,1.28205128205128,0,0,1.28205128205128,0,0,1.28205128205128,0,0,2.56410256410256,0,0,0,0,1.28205128205128,0,0,0,0,0,0,0,0,0,0,0,0,0,0,0,0,0,0,0,0,0,0,2.56410256410256,0,0,0,0,12.8205128205128,0,0,0,0,0,0,0,0,0,7.69230769230769,0,0,0,0,0,0,0,0,0,0,0,0,0,0,0,0,0,0,0,3.84615384615385,0,0,0,0,0,0,5.12820512820513,0,0,2.56410256410256,0,1.28205128205128,0,0,0,0,0,0,0,3.84615384615385,0,0,0,0
0,1.92307692307692,0,0,0,0,0,0,0,0,3.84615384615385,0,11.5384615384615,9.61538461538462,0,7.69230769230769,0,0,0,0,1.92307692307692,0,0,0,0,0,0,0,3.84615384615385,0,0,0,7.6923076923077,0,0,3.84615384615385,0,0,0,0,0,0,0,0,0,0,0,0,0,0,0,0,0,0,0,0,0,1.92307692307692,0,0,0,0,0,1.92307692307692,0,0,0,0,0,0,0,0,0,0,0,0,0,0,0,0,0,0,0,0,0,0,0,0,0,0,0,0,0,0,1.92307692307692,0,0,0,0,3.84615384615385,0,0,0,0,0,1.92307692307692,0,0,0,5.76923076923077,0,0,0,0,0,0,0,0,0,0,0,0,0,0,0,0,0,0,0,0,0,0,0,0,0,0,13.4615384615385,0,0,5.76923076923077,0,1.92307692307692,0,0,0,0,0,0,0,3.84615384615384,0,0,0,0
0,1.49253731343284,0,0,0,0,0,0,0,0,0,1.49253731343284,20.8955223880597,8.95522388059701,2.98507462686567,2.98507462686567,0,0,0,0,1.49253731343284,0,0,0,0,0,0,0,1.49253731343284,0,0,0,4.47761194029851,0,0,0,0,0,0,0,0,0,0,0,0,0,0,0,0,0,0,0,0,0,0,0,0,1.49253731343284,0,0,1.49253731343284,0,0,5.97014925373134,0,0,0,0,0,0,0,0,0,0,0,0,0,0,0,0,0,0,0,0,1.49253731343284,0,0,0,0,0,0,0,0,0,1.49253731343284,0,0,0,0,1.49253731343284,0,0,0,0,0,8.95522388059701,0,0,0,7.46268656716418,0,0,0,0,0,0,0,0,0,0,0,0,0,0,0,0,0,0,0,1.49253731343284,0,0,0,0,0,0,10.4477611940298,0,0,2.98507462686567,0,4.47761194029851,0,0,0,0,0,0,0,2.98507462686568,0,0,0,0
0,1.72413793103448,0,0,0,0,0,0,0,0,1.72413793103448,1.72413793103448,10.3448275862069,1.72413793103448,0,3.44827586206897,0,0,0,0,0,0,0,0,0,0,0,0,5.17241379310345,0,0,0,3.44827586206896,3.44827586206897,0,0,0,0,0,0,0,0,0,0,0,0,0,0,0,0,0,0,0,0,0,0,0,0,0,0,0,0,0,3.44827586206897,0,0,0,0,0,0,0,0,0,1.72413793103448,0,0,0,0,0,0,0,0,0,0,0,0,0,0,0,0,0,0,0,0,0,0,0,0,0,3.44827586206897,0,0,0,0,0,5.17241379310345,0,0,0,10.3448275862069,0,0,0,0,0,0,0,1.72413793103448,0,0,0,0,0,0,0,0,0,0,0,0,0,0,0,0,0,0,8.62068965517241,0,0,18.9655172413793,0,3.44827586206897,0,0,0,0,0,0,0,3.44827586206897,0,0,0,0
0,0,0,0,0,0,0,0,0,0,11.7647058823529,3.92156862745098,9.80392156862745,1.96078431372549,3.92156862745098,3.92156862745098,0,0,0,0,1.96078431372549,0,0,0,0,0,0,0,1.96078431372549,0,0,0,1.96078431372549,1.96078431372549,0,3.92156862745098,0,0,0,0,0,0,0,0,0,0,0,0,0,0,0,0,0,0,0,0,0,0,0,0,0,0,0,0,0,0,0,0,0,0,0,0,0,0,0,0,0,0,0,0,0,0,0,0,1.96078431372549,0,0,0,0,0,0,0,0,0,0,0,0,0,0,5.88235294117647,0,0,0,0,0,1.96078431372549,0,0,0,3.92156862745098,0,0,0,0,0,0,0,0,0,0,0,0,0,0,0,0,0,0,0,0,0,0,0,0,0,0,15.6862745098039,0,0,5.88235294117647,0,1.96078431372549,0,0,0,0,0,0,0,7.84313725490196,0,0,0,0
0,1.69491525423729,0,0,0,0,0,0,0,1.69491525423729,8.47457627118644,3.38983050847458,5.08474576271187,0,0,0,0,0,0,0,3.38983050847458,0,0,0,0,0,0,0,3.38983050847458,0,0,0,1.69491525423729,0,0,3.38983050847458,0,3.38983050847458,0,0,0,0,0,0,0,0,0,0,0,0,0,0,0,0,0,0,0,0,0,1.69491525423729,0,0,0,1.69491525423729,0,0,0,0,0,0,0,0,0,0,0,0,0,0,0,0,0,0,0,0,0,0,0,0,0,0,0,0,0,0,0,0,0,0,0,1.69491525423729,0,0,0,0,0,11.864406779661,0,0,0,5.08474576271187,0,0,0,0,0,0,1.69491525423729,0,0,0,0,0,0,0,0,0,0,0,0,0,0,0,0,0,0,0,10.1694915254237,0,0,8.47457627118644,0,5.08474576271187,0,0,0,0,0,0,0,1.69491525423729,0,0,0,0
0,0,0,0,0,0,0,0,0,0,0,0,21.1538461538462,0,0,1.92307692307692,0,0,0,0,5.76923076923077,0,0,0,0,0,0,0,1.92307692307692,0,0,0,1.92307692307692,0,0,1.92307692307692,0,1.92307692307692,0,0,0,0,0,0,0,0,0,0,0,0,0,0,0,0,0,0,0,0,0,0,0,0,0,0,0,0,0,0,0,0,0,1.92307692307692,0,0,0,0,0,0,0,0,0,0,0,0,0,0,0,0,0,0,0,0,0,0,0,0,0,0,0,13.4615384615385,3.84615384615385,0,0,0,0,5.76923076923077,0,0,0,7.69230769230769,0,0,0,0,0,0,0,0,0,0,0,0,0,0,1.92307692307692,0,0,3.84615384615385,0,1.92307692307692,0,0,0,0,0,0,9.61538461538462,0,0,1.92307692307692,0,0,0,0,0,0,0,0,0,5.76923076923077,0,0,0,0
0,1.36986301369863,0,0,0,0,0,0,0,0,5.47945205479452,2.73972602739726,17.8082191780822,0,0,1.36986301369863,0,0,0,0,4.10958904109589,0,0,0,0,0,0,0,4.10958904109589,0,0,0,0,0,0,5.47945205479452,0,0,0,0,0,0,0,0,0,0,0,0,0,0,0,0,0,0,0,0,0,0,0,0,0,0,0,0,0,0,0,0,0,0,0,1.36986301369863,0,0,0,0,0,0,0,0,0,0,0,0,0,0,0,0,0,0,0,0,0,0,0,0,0,0,0,4.10958904109589,0,0,0,0,0,2.73972602739726,1.36986301369863,0,0,6.84931506849315,0,0,0,0,0,0,0,0,0,0,0,0,0,0,1.36986301369863,0,0,2.73972602739726,0,0,0,0,0,0,0,0,12.3287671232877,0,0,1.36986301369863,0,1.36986301369863,0,0,0,1.36986301369863,0,0,0,5.47945205479452,0,0,0,0
0,0,0,0,0,0,0,0,0,0,1.92307692307692,5.76923076923077,23.0769230769231,0,0,1.92307692307692,0,0,0,0,7.69230769230769,0,0,0,0,0,0,0,0,0,0,0,1.92307692307692,0,0,1.92307692307692,0,0,0,0,0,0,0,0,0,0,0,0,0,0,0,0,0,0,0,0,0,0,0,0,0,0,0,1.92307692307692,0,0,0,0,0,0,0,7.69230769230769,0,0,0,0,0,0,0,0,0,0,0,0,0,0,0,0,0,0,0,0,0,0,0,0,0,0,0,3.84615384615385,0,0,0,0,0,9.61538461538462,0,0,0,5.76923076923077,0,0,0,0,0,0,0,0,0,0,0,0,0,0,0,0,0,0,0,0,0,0,0,0,0,0,5.76923076923077,0,0,3.84615384615385,0,3.84615384615385,0,0,0,1.92307692307692,0,0,0,3.84615384615384,0,0,0,0
0,0,0,0,0,0,0,0,0,0,6,2,16,0,0,2,0,0,0,0,4,0,0,0,0,0,0,0,0,0,0,0,2,0,0,2,0,0,0,0,0,0,0,0,0,0,0,0,0,0,0,0,0,0,0,0,0,0,0,0,0,0,0,2,0,0,2,0,0,0,0,10,0,2,0,0,0,0,0,0,0,0,0,0,0,0,0,0,0,0,0,0,0,0,0,0,0,0,0,4,0,0,0,0,0,14,0,0,0,4,0,0,0,0,0,0,0,0,0,0,0,0,0,0,0,0,0,2,0,0,0,0,0,0,0,0,12,0,0,0,0,4,2,0,0,0,0,0,0,6,0,0,0,0
0,0,0,0,0,0,0,0,0,0,3.57142857142857,1.78571428571429,14.2857142857143,0,0,0,0,0,0,0,1.78571428571429,0,0,0,0,0,0,0,1.78571428571429,0,0,0,0,0,0,7.14285714285714,0,0,0,0,0,0,0,0,0,0,0,0,0,0,0,0,0,0,0,0,0,0,0,0,0,0,0,0,0,0,0,0,0,0,0,7.14285714285714,0,0,3.57142857142857,0,0,0,0,0,0,0,0,0,0,0,0,0,0,0,0,0,0,0,0,0,0,0,0,5.35714285714286,0,0,0,0,0,10.7142857142857,1.78571428571429,0,0,0,0,0,0,0,0,0,0,0,0,0,0,0,0,0,1.78571428571429,0,0,3.57142857142857,0,0,0,0,0,0,0,0,5.35714285714286,0,0,1.78571428571429,0,3.57142857142857,0,0,0,0,0,0,0,16.07142857142857,0,0,0,0
0,1.78571428571429,0,0,0,0,0,0,0,0,1.78571428571429,0,8.92857142857143,0,0,0,0,0,0,0,3.57142857142857,0,0,0,0,0,0,0,3.57142857142857,0,0,0,5.35714285714286,0,0,1.78571428571429,0,1.78571428571429,0,0,0,0,0,0,0,0,0,0,0,0,0,0,0,0,0,0,0,0,0,0,0,0,0,0,0,0,0,1.78571428571429,0,0,0,5.35714285714286,0,0,0,0,0,0,0,0,0,0,0,0,0,0,0,0,0,0,0,0,0,0,0,0,0,0,0,3.57142857142857,0,0,0,0,0,5.357142857142859,1.78571428571429,0,0,5.35714285714286,0,0,0,0,0,0,0,0,0,0,0,0,0,0,0,0,0,3.57142857142857,0,0,0,0,0,0,0,0,12.5,0,0,5.35714285714286,0,1.78571428571429,0,0,0,1.78571428571429,0,0,0,17.85714285714286,0,0,0,0
0,0,0,0,0,0,0,0,0,0,1.0752688172043,1.0752688172043,12.9032258064516,0,0,11.8279569892473,0,0,0,0,1.0752688172043,0,0,0,0,0,0,0,5.37634408602151,0,0,0,4.3010752688172,0,0,2.1505376344086,0,0,0,0,0,0,0,0,0,0,0,0,0,0,0,0,0,0,0,0,0,0,0,0,0,0,0,0,0,0,0,1.0752688172043,0,0,0,7.52688172043011,0,1.0752688172043,0,0,0,0,0,0,0,0,0,0,0,0,0,0,0,0,0,0,0,0,0,0,0,0,0,3.2258064516129,0,0,0,0,0,8.60215053763441,1.0752688172043,0,0,4.3010752688172,0,0,0,0,0,0,0,0,0,0,0,0,0,0,0,0,0,3.2258064516129,0,0,0,0,0,0,0,0,8.60215053763441,0,0,1.0752688172043,0,2.1505376344086,1.0752688172043,0,0,2.1505376344086,0,0,0,6.4516129032258105,0,0,0,0
0,0,0,0,0,0,0,0,0,0,1.78571428571429,0,23.2142857142857,0,1.78571428571429,3.57142857142857,0,0,0,0,1.78571428571429,0,0,0,0,0,0,0,1.78571428571429,0,0,0,1.78571428571429,0,0,1.78571428571429,0,0,0,0,0,0,0,0,0,0,0,0,0,0,0,0,0,0,0,0,0,0,0,0,0,0,0,0,0,0,0,0,0,0,0,5.35714285714286,0,0,1.78571428571429,0,0,0,0,0,0,0,0,0,0,0,0,0,0,0,0,0,0,0,0,0,0,0,0,5.35714285714286,0,0,0,0,0,12.5,0,0,0,3.57142857142857,0,0,0,0,0,0,0,0,0,0,0,0,0,0,0,0,0,1.78571428571429,0,1.78571428571429,0,0,0,0,0,0,10.7142857142857,0,0,0,0,1.78571428571429,0,0,0,0,0,0,0,3.57142857142857,0,0,0,0
0,0,0,0,0,0,0,0,0,0,1.94174757281553,1.94174757281553,20.3883495145631,0,0,3.88349514563107,0,0,0,0,2.9126213592233,0,0,0,0,0,0,0,4.85436893203883,0,0,0,7.76699029126214,0.970873786407767,0,2.9126213592233,0,0,0,0,0,0,0,0,0,0,0,0,0,0,0,0,0,0,0,0,0,0,0,0,0.970873786407767,0,0,0,0,0,0,0,0,0,0,1.94174757281553,0,0,0,0,0,0,0,0,0,0,0,0,0,0,0,0,0,0,0,0,0,0,0,0,0,0,0,3.88349514563107,0,0,0,0,0,8.7378640776699,0,0,0,0,0,0,0,0,0,0,0,0,0,0,0,0,0,0,0.970873786407767,0,0,2.9126213592233,0,0.970873786407767,0,0,0,0,0,0,10.6796116504854,0,0,0,0,1.94174757281553,0,0,0,1.94174757281553,0,0,0,8.7378640776699,0,0,0,0
0,0,0,0,0,0,0,0,0,0,3.94736842105263,0,19.7368421052632,0,0,2.63157894736842,0,0,0,1.31578947368421,0,0,0,0,0,0,0,0,3.94736842105263,0,0,0,2.63157894736842,0,0,5.26315789473684,1.31578947368421,1.31578947368421,0,0,0,0,0,0,0,0,0,0,0,0,0,0,0,0,0,0,0,0,0,0,0,0,0,0,0,0,0,0,0,0,0,3.94736842105263,0,0,0,0,0,0,0,0,0,0,0,0,0,0,0,0,0,0,0,0,0,0,0,0,0,0,0,1.31578947368421,0,0,0,0,0,1.31578947368421,1.31578947368421,0,0,1.31578947368421,0,0,0,0,0,0,0,0,0,0,0,0,0,0,1.31578947368421,0,1.31578947368421,3.94736842105263,0,0,0,0,0,0,0,0,15.7894736842105,0,0,1.31578947368421,0,1.31578947368421,0,0,0,3.94736842105263,0,0,0,2.63157894736842,0,0,0,0
0,0,0,0,0,0,0,0,0,0,0,1.16279069767442,26.7441860465116,0,0,5.81395348837209,1.16279069767442,0,0,0,2.32558139534884,0,0,0,0,0,0,0,3.48837209302326,0,0,0,0,0,0,1.16279069767442,0,1.16279069767442,0,0,0,0,0,0,0,0,0,0,0,0,0,0,0,0,0,0,0,0,0,0,0,0,0,0,0,0,0,0,0,0,0,3.48837209302326,0,1.16279069767442,0,0,0,0,0,0,0,0,0,0,0,0,0,0,0,0,0,0,0,0,0,0,0,0,0,6.97674418604651,0,0,0,0,0,9.302325581395351,0,0,0,2.32558139534884,0,0,0,0,0,0,0,0,0,0,0,0,0,0,0,0,1.16279069767442,4.65116279069767,0,1.16279069767442,0,0,0,0,0,0,12.7906976744186,0,0,1.16279069767442,0,0,0,0,0,2.32558139534884,0,0,0,4.65116279069767,0,0,0,0
0,0,0,0,0,0,0,0,0,0,0,0,24.1379310344828,0,0,5.17241379310345,0,0,0,0,1.72413793103448,1.72413793103448,0,0,0,0,0,0,3.44827586206897,0,0,0,0,0,0,3.44827586206897,0,0,0,0,0,0,0,0,0,0,0,0,0,0,0,0,0,0,0,0,0,0,0,0,0,0,0,0,0,0,0,0,0,0,0,1.72413793103448,0,0,0,0,0,0,0,0,0,0,0,0,0,0,0,0,0,0,0,0,0,0,0,0,0,0,0,5.17241379310345,0,0,0,0,0,3.44827586206896,0,0,0,5.17241379310345,0,0,0,0,0,0,0,0,0,0,0,0,0,0,1.72413793103448,0,0,1.72413793103448,0,1.72413793103448,0,0,0,0,0,0,22.4137931034483,0,0,1.72413793103448,0,3.44827586206897,0,0,0,1.72413793103448,0,0,0,0,0,0,0,0
0,1.78571428571429,0,0,0,0,0,0,0,0,3.57142857142857,1.78571428571429,23.2142857142857,0,0,0,0,0,0,0,1.78571428571429,0,0,0,0,0,0,0,7.14285714285714,0,0,0,0,0,0,1.78571428571429,0,0,0,0,0,0,0,0,0,0,0,0,0,0,0,0,0,0,0,0,0,0,0,0,0,0,0,0,0,0,0,0,0,0,0,7.14285714285714,0,0,0,0,0,0,0,0,0,0,0,0,0,0,0,0,0,0,0,0,0,0,0,0,0,0,0,7.14285714285714,0,0,0,0,0,8.92857142857143,0,0,0,1.78571428571429,0,0,0,0,0,0,0,0,0,0,0,0,0,0,1.78571428571429,0,1.78571428571429,1.78571428571429,0,0,0,0,0,0,0,0,10.7142857142857,0,0,0,0,1.78571428571429,0,0,1.78571428571429,0,0,0,0,3.57142857142857,0,0,0,0
0,0,0,0,0,0,0,0,0,3.2258064516129,3.2258064516129,3.2258064516129,19.3548387096774,0,0,0,0,0,0,0,3.2258064516129,1.61290322580645,0,0,0,0,0,0,9.67741935483871,0,0,0,6.4516129032258,0,0,0,0,0,0,0,0,0,0,0,0,0,0,0,0,0,0,0,0,0,0,0,0,0,0,0,0,0,0,0,0,0,0,0,0,0,0,1.61290322580645,0,0,0,0,0,0,0,0,0,0,0,0,0,0,0,0,0,0,0,0,0,0,0,0,0,0,0,4.83870967741935,0,0,0,0,0,6.45161290322581,0,0,0,8.06451612903226,0,0,0,0,0,0,0,0,0,0,0,0,0,0,0,0,0,1.61290322580645,0,1.61290322580645,0,0,0,0,0,0,9.67741935483871,0,0,0,0,3.2258064516129,0,0,0,3.2258064516129,0,0,0,3.2258064516129,0,0,0,0
0,0,0,0,0,0,0,0,0,0,3.52941176470588,1.17647058823529,18.8235294117647,0,0,2.35294117647059,0,0,0,1.17647058823529,1.17647058823529,0,0,0,0,0,0,0,4.70588235294118,0,0,0,3.52941176470588,1.17647058823529,0,1.17647058823529,0,1.17647058823529,0,0,0,0,0,0,0,0,0,0,0,0,0,0,0,0,0,0,0,1.17647058823529,0,0,1.17647058823529,0,0,0,0,0,0,0,0,0,0,1.17647058823529,0,0,0,0,0,0,0,0,0,0,0,0,0,0,0,0,0,0,0,0,0,0,0,0,0,0,0,7.05882352941176,0,0,0,0,0,8.23529411764706,0,0,0,1.17647058823529,0,1.17647058823529,0,0,0,0,0,0,0,0,0,0,0,0,2.35294117647059,0,0,4.70588235294118,0,1.17647058823529,0,0,0,0,0,0,4.70588235294118,0,0,1.17647058823529,0,4.70588235294118,3.52941176470588,0,0,2.35294117647059,0,0,0,4.70588235294118,0,0,0,0
0,0,0,0,0,0,0,0,0,0,1.92307692307692,0,19.2307692307692,0,0,5.76923076923077,0,0,0,1.92307692307692,1.92307692307692,0,0,0,0,0,0,0,3.84615384615385,0,0,0,0,0,0,1.92307692307692,0,0,0,0,0,0,0,0,0,0,0,0,0,0,0,0,0,0,0,0,0,0,0,0,0,0,0,0,0,0,0,0,0,0,0,5.76923076923077,0,0,0,0,0,0,0,0,0,0,0,0,0,0,0,0,0,0,0,0,0,0,1.92307692307692,0,0,0,0,5.76923076923077,1.92307692307692,0,0,0,0,5.76923076923077,1.92307692307692,0,0,9.61538461538462,0,1.92307692307692,0,0,0,0,0,0,0,0,0,0,0,0,1.92307692307692,0,0,3.84615384615385,0,1.92307692307692,0,0,0,0,0,0,3.84615384615385,0,0,1.92307692307692,0,7.69230769230769,0,0,0,0,0,0,0,3.84615384615385,0,0,0,0
0,0,0,0,0,0,0,0,0,0,0,0,13.3333333333333,0,0,0,0,0,0,0,2.66666666666667,0,0,0,0,0,0,0,5.33333333333333,0,0,0,6.66666666666667,0,0,2.66666666666667,1.33333333333333,1.33333333333333,0,0,0,0,0,0,0,0,0,0,0,0,0,0,0,0,0,0,0,0,0,0,0,0,0,0,0,0,0,0,0,0,0,0,0,0,0,0,0,0,0,0,0,0,0,0,1.33333333333333,0,0,0,0,0,0,0,0,0,1.33333333333333,0,0,0,0,9.33333333333333,0,0,0,0,0,9.33333333333333,0,0,0,5.33333333333333,0,1.33333333333333,0,0,0,0,0,0,0,0,0,0,0,0,1.33333333333333,0,0,2.66666666666667,0,1.33333333333333,0,0,0,0,0,0,12,0,0,4,0,1.33333333333333,0,0,0,1.33333333333333,0,0,0,4,0,0,0,0
0,0,0,0,0,0,0,0,0,0,1.33333333333333,1.33333333333333,14.6666666666667,0,0,1.33333333333333,0,0,0,0,0,0,0,0,0,0,0,0,2.66666666666667,0,0,0,5.33333333333333,0,0,1.33333333333333,0,0,0,0,0,0,0,0,0,0,0,0,0,0,0,0,0,0,0,0,0,0,0,0,0,0,0,0,0,0,0,0,0,0,0,4,0,1.33333333333333,0,0,0,0,0,0,0,0,0,0,0,0,0,0,0,0,0,0,0,0,0,0,1.33333333333333,0,0,5.33333333333333,1.33333333333333,0,0,0,0,10.6666666666667,0,0,0,2.66666666666667,0,0,0,0,0,0,0,0,0,0,0,0,0,0,0,0,0,2.66666666666667,0,0,0,0,0,0,0,0,8,0,0,5.33333333333333,0,5.33333333333333,0,0,0,4,0,0,0,6.66666666666667,0,0,0,0
0,0,0,0,0,0,0,0,0,0,1.28205128205128,1.28205128205128,29.4871794871795,0,1.28205128205128,3.84615384615385,0,0,0,0,0,0,0,0,0,0,0,0,3.84615384615385,0,0,0,1.28205128205128,0,0,1.28205128205128,0,0,0,0,0,0,0,0,0,0,0,0,0,0,0,0,0,0,0,0,0,0,0,0,0,0,0,0,0,0,0,0,0,0,0,1.28205128205128,0,0,0,0,0,0,0,0,0,0,0,0,0,0,0,0,0,0,0,0,0,0,1.28205128205128,0,0,0,0,0,3.84615384615385,0,0,0,0,7.69230769230769,0,0,0,6.41025641025641,0,0,0,0,0,0,0,0,0,0,0,0,0,0,3.84615384615385,0,0,3.84615384615385,0,0,0,0,0,0,0,0,8.97435897435897,0,0,6.41025641025641,0,1.28205128205128,0,0,0,0,0,0,0,1.28205128205128,0,0,0,0
0,0,0,0,0,0,0,0,0,0,1.5625,0,28.125,0,0,3.125,0,0,0,0,1.5625,0,0,0,0,0,0,0,1.5625,0,0,0,1.5625,0,0,4.6875,1.5625,0,0,0,0,0,0,0,0,0,0,0,0,0,0,0,0,0,0,0,0,0,0,0,0,0,0,0,0,0,0,0,0,0,0,0,0,0,0,0,0,0,0,0,0,0,0,0,0,0,0,0,0,0,0,0,0,0,0,0,0,0,0,6.25,0,0,0,0,0,9.375,0,0,0,3.125,0,0,0,0,0,0,0,0,0,0,0,0,0,0,4.6875,0,0,4.6875,0,0,0,0,0,0,0,0,7.8125,0,0,6.25,0,4.6875,0,0,1.5625,3.125,0,0,0,0,0,0,0,0
0,0,0,0,0,0,0,0,0,0,0,0,20.3703703703704,0,0,5.55555555555556,0,0,0,0,1.85185185185185,1.85185185185185,0,0,0,0,0,0,1.85185185185185,0,0,0,1.85185185185185,0,0,3.7037037037037,0,0,0,0,0,0,0,0,0,0,0,0,0,0,0,0,0,0,0,0,0,0,0,0,0,0,0,0,0,0,0,0,0,0,0,1.85185185185185,0,3.7037037037037,0,0,0,0,0,0,0,0,0,0,0,0,0,0,0,0,0,0,0,0,0,0,0,0,0,3.7037037037037,0,0,0,0,0,7.40740740740741,0,0,0,0,0,0,0,0,0,0,0,0,0,0,0,0,0,0,1.85185185185185,0,0,1.85185185185185,0,7.40740740740741,0,0,0,0,0,0,14.8148148148148,0,0,1.85185185185185,0,3.7037037037037,0,0,0,3.7037037037037,0,0,0,1.85185185185185,0,0,0,0
0,0,0,0,0,0,0,0,0,0,0,1.78571428571429,35.7142857142857,0,0,0,0,0,0,1.78571428571429,0,1.78571428571429,0,0,0,0,0,0,1.78571428571429,0,0,0,0,0,0,3.57142857142857,0,0,0,0,0,0,0,0,0,0,0,0,0,0,0,0,0,0,0,0,0,0,0,0,0,0,0,0,0,0,0,0,0,0,0,0,0,0,0,0,0,0,0,0,0,0,0,0,0,0,0,0,0,0,0,0,0,0,0,0,0,0,0,1.78571428571429,3.57142857142857,0,0,0,0,10.7142857142857,0,0,0,5.35714285714286,0,0,0,0,0,0,0,0,0,0,0,0,0,0,3.57142857142857,0,0,1.78571428571429,0,0,0,0,0,0,0,0,5.35714285714286,0,0,3.57142857142857,0,3.57142857142857,0,0,0,1.78571428571429,0,0,0,3.57142857142857,0,0,0,0
0,0,0,0,0,0,0,0,0,1.69491525423729,1.69491525423729,0,30.5084745762712,0,0,6.77966101694915,0,0,0,0,0,0,0,0,0,0,0,0,0,0,0,0,8.47457627118644,0,0,0,0,0,0,0,0,0,0,0,0,0,0,0,0,0,0,0,0,0,0,0,0,0,0,0,0,0,0,0,0,0,0,0,0,0,0,0,0,0,0,0,0,0,0,0,0,0,0,0,1.69491525423729,0,0,0,0,0,0,0,0,0,0,0,0,0,0,3.38983050847458,0,0,0,0,0,6.77966101694915,5.08474576271187,0,0,1.69491525423729,0,0,0,0,0,0,0,0,0,0,0,0,0,0,1.69491525423729,0,0,1.69491525423729,0,1.69491525423729,0,0,0,0,0,0,8.47457627118644,0,0,0,0,1.69491525423729,0,0,0,0,0,0,0,3.38983050847458,0,0,0,0
0,1.58730158730159,0,0,0,0,0,0,0,0,0,0,26.984126984127,0,0,6.34920634920635,0,0,0,0,3.17460317460317,0,0,0,0,0,0,0,1.58730158730159,0,0,0,0,0,0,4.76190476190476,0,0,0,0,0,0,0,0,0,0,0,0,0,0,0,0,0,0,0,0,0,0,0,0,0,0,0,0,0,0,0,0,0,0,0,1.58730158730159,0,0,1.58730158730159,0,0,0,0,0,0,0,0,0,0,0,0,0,1.58730158730159,0,0,0,0,0,0,0,0,0,0,6.34920634920635,0,0,0,0,0,4.76190476190476,0,0,0,1.58730158730159,0,0,0,0,0,0,0,0,0,0,0,0,0,0,3.17460317460317,0,0,0,0,0,0,0,0,0,0,0,14.2857142857143,0,0,0,0,3.17460317460317,0,0,0,3.17460317460317,0,0,0,7.93650793650794,0,0,0,0
0,0,0,0,0,0,0,0,0,0,4,0,22,0,0,4,0,0,0,0,2,0,0,0,0,0,0,0,2,0,0,0,2,0,0,0,0,0,0,0,0,0,0,0,0,0,0,0,0,0,0,0,0,0,0,0,0,0,0,0,0,0,0,0,0,0,0,0,0,0,0,2,0,0,0,0,0,0,0,0,0,0,0,0,0,0,0,0,0,0,0,0,0,0,0,0,0,0,0,4,2,0,0,0,0,6,0,0,0,0,0,2,0,0,0,0,0,0,0,0,0,0,0,0,6,0,0,2,0,4,0,0,0,0,0,0,6,0,0,0,0,4,0,0,0,2,0,0,0,12,0,0,0,0
0,0,0,0,0,0,0,0,0,1.61290322580645,1.61290322580645,1.61290322580645,17.741935483871,0,0,0,0,0,0,1.61290322580645,1.61290322580645,0,0,0,0,0,0,0,4.83870967741935,0,0,0,0,0,0,1.61290322580645,0,0,0,0,0,0,0,0,0,0,0,0,0,0,0,0,0,0,0,0,0,0,0,0,0,0,0,0,0,0,0,0,0,0,0,1.61290322580645,0,3.2258064516129,1.61290322580645,0,0,0,0,0,0,0,0,0,0,0,0,0,3.2258064516129,0,0,0,0,0,0,0,0,0,0,16.1290322580645,1.61290322580645,0,0,0,0,0,1.61290322580645,0,0,1.61290322580645,0,0,0,0,0,0,0,0,0,0,0,0,0,0,1.61290322580645,0,0,0,0,0,0,0,0,0,0,0,17.741935483871,0,0,0,0,1.61290322580645,0,0,0,1.61290322580645,0,0,0,6.45161290322581,0,0,0,0
0,0,0,0,0,0,0,0,0,0,0,4.54545454545455,12.7272727272727,0,0.909090909090909,1.81818181818182,0,0,0,0,4.54545454545455,0,0,0,0,0,0,0,5.45454545454545,0,0,0,1.81818181818182,0.909090909090909,0,1.81818181818182,0,0,0,0,0,0,0,0,0,0,0,0,0,0,0,0,0,0,0,0,0,0,0,0,0,0,0,0,0,0,0,0,0,0,0,0,0,1.81818181818182,0,0,0,0,0,0,0,0,0,0,0,0,0,0,0,0,0,0,0,0,0,0,0,0,0,4.54545454545455,0.909090909090909,0,0,0,0,10.9090909090909,0,0,0,0.909090909090909,0,0.909090909090909,0,0,0,0,0,0,0,0,0,0,0,0,0,0,0,0,0,0,0,0,0,0,0,0,21.8181818181818,0,0,1.81818181818182,0,4.54545454545455,0,0,0,0,0,0,0,4.54545454545455,0,0,0,0
0,0,0,0,0,0,0,0,0,0,2.5974025974026,1.2987012987013,35.0649350649351,0,0,1.2987012987013,0,0,0,0,1.2987012987013,0,0,0,0,0,0,0,0,0,0,0,0,0,0,1.2987012987013,0,0,0,0,0,0,0,0,0,0,0,0,0,0,0,0,0,0,0,0,0,0,0,0,0,0,0,0,0,0,0,0,0,0,0,0,0,0,0,0,0,0,0,0,0,0,0,0,0,0,0,0,0,0,0,0,0,0,1.2987012987013,0,0,0,0,3.8961038961039,0,0,0,0,0,7.79220779220779,0,0,0,3.8961038961039,0,1.2987012987013,0,0,0,0,0,0,0,0,0,0,0,0,1.2987012987013,0,0,3.8961038961039,0,1.2987012987013,0,0,0,0,0,0,15.5844155844156,0,0,0,0,3.8961038961039,0,0,0,1.2987012987013,0,0,0,6.49350649350649,0,0,0,0
0,0,0,0,0,0,0,0,0,0,4.10958904109589,0,12.3287671232877,0,0,0,0,0,0,0,0,0,0,0,0,0,0,0,4.10958904109589,0,0,0,0,0,0,1.36986301369863,0,0,0,0,0,0,0,0,0,0,0,0,0,0,0,0,0,0,0,0,0,0,0,0,1.36986301369863,0,0,0,0,0,0,0,0,0,0,0,0,1.36986301369863,0,0,0,0,0,0,0,0,0,0,1.36986301369863,0,0,0,0,0,0,0,0,0,2.73972602739726,0,0,0,0,2.73972602739726,4.10958904109589,0,0,0,0,8.21917808219178,0,0,0,4.10958904109589,0,0,0,0,0,0,0,0,0,0,0,0,0,0,1.36986301369863,0,0,0,0,0,0,0,0,0,0,0,24.6575342465753,0,0,0,0,1.36986301369863,0,0,0,2.73972602739726,0,0,0,5.47945205479452,0,0,0,0
0,0,0,0,0,0,0,0,0,0,1.47058823529412,1.47058823529412,20.5882352941176,0,0,2.94117647058824,0,0,0,0,1.47058823529412,1.47058823529412,0,0,0,0,0,0,0,0,0,0,2.94117647058824,0,0,2.94117647058824,0,0,0,0,0,0,0,0,0,0,0,0,0,0,0,0,0,0,0,0,0,0,0,0,0,0,0,0,0,0,0,0,0,0,0,0,0,1.47058823529412,0,0,0,0,0,0,0,0,0,0,0,0,0,0,0,0,0,0,0,0,2.94117647058824,0,0,0,0,2.94117647058824,1.47058823529412,0,0,0,0,5.882352941176469,0,0,0,0,0,2.94117647058824,0,0,0,0,0,0,0,0,0,0,0,0,5.88235294117647,0,0,2.94117647058824,0,0,0,0,0,0,0,0,19.1176470588235,0,0,0,0,5.88235294117647,0,0,0,0,0,0,0,2.94117647058824,0,0,0,0
0,1.33333333333333,0,0,0,0,0,0,0,0,0,0,36,0,0,2.66666666666667,0,0,0,0,0,0,0,0,0,0,0,0,2.66666666666667,0,0,0,0,1.33333333333333,0,1.33333333333333,0,0,0,0,0,0,0,0,0,0,0,0,0,0,0,0,0,0,0,0,0,0,0,0,0,0,0,0,0,0,0,0,0,0,0,0,0,0,0,0,0,0,0,0,0,0,0,0,0,0,0,0,0,0,0,0,0,0,1.33333333333333,0,0,0,0,1.33333333333333,0,0,0,0,0,5.33333333333333,0,0,0,4,0,0,0,0,0,0,0,0,0,0,0,0,0,0,5.33333333333333,0,0,2.66666666666667,0,0,0,0,0,0,0,0,10.6666666666667,0,0,1.33333333333333,0,9.33333333333333,1.33333333333333,0,0,0,0,0,0,4,0,0,0,0
0,0,0,0,0,0,0,0,0,0,1.69491525423729,6.77966101694916,18.6440677966102,0,0,0,0,0,0,0,0,1.69491525423729,0,0,0,0,0,0,0,0,0,0,3.38983050847458,0,0,0,0,0,0,0,0,0,0,0,0,0,0,0,0,0,0,0,0,0,0,0,0,0,0,0,0,0,0,0,0,0,0,0,0,0,0,0,0,0,0,0,0,0,0,0,0,0,0,0,0,0,0,0,0,0,0,0,0,0,1.69491525423729,0,0,0,0,0,1.69491525423729,0,0,0,0,18.6440677966102,0,0,0,0,0,1.69491525423729,0,0,0,0,0,0,0,0,0,0,0,0,1.69491525423729,0,0,1.69491525423729,0,1.69491525423729,0,0,0,0,0,0,10.1694915254237,0,0,1.69491525423729,0,5.08474576271187,0,0,0,0,0,0,0,13.5593220338983,0,0,0,0
0,1.81818181818182,0,0,0,0,0,0,0,0,3.63636363636364,1.81818181818182,12.7272727272727,0,0,0,0,0,0,0,1.81818181818182,0,0,0,0,0,0,0,1.81818181818182,0,0,0,3.63636363636364,0,0,1.81818181818182,0,0,0,0,0,0,0,0,0,0,0,0,0,0,0,0,0,0,0,0,0,0,0,0,0,0,0,0,0,0,0,0,0,0,0,0,0,0,0,0,0,0,0,0,0,0,0,0,1.81818181818182,0,0,0,0,0,0,0,0,0,0,0,0,0,0,0,0,0,0,0,0,14.54545454545452,0,0,0,0,0,0,0,0,0,0,0,0,0,0,0,0,0,0,3.63636363636364,0,0,1.81818181818182,0,1.81818181818182,0,0,0,0,0,0,16.3636363636364,0,0,0,0,9.09090909090909,0,0,0,0,0,0,0,9.09090909090909,0,0,0,0
0,1.33333333333333,0,0,0,0,0,0,0,0,0,4,26.6666666666667,0,0,0,0,0,0,0,1.33333333333333,0,0,0,0,0,0,0,0,0,0,0,2.66666666666667,0,0,0,0,1.33333333333333,0,0,0,0,0,0,0,0,0,0,0,0,0,0,0,0,0,0,0,0,0,0,0,0,0,1.33333333333333,0,0,0,1.33333333333333,0,0,0,1.33333333333333,0,0,0,0,0,0,0,0,0,0,0,0,0,0,0,0,0,0,0,0,0,0,1.33333333333333,0,0,0,0,4,2.66666666666667,0,0,0,0,5.33333333333333,0,0,0,0,0,1.33333333333333,0,0,0,0,0,0,0,0,0,0,0,0,4,0,0,2.66666666666667,0,0,0,0,0,0,0,0,18.6666666666667,0,0,0,0,9.33333333333333,2.66666666666667,0,0,0,0,0,0,0,0,0,0,0
0,3.44827586206897,0,0,0,0,0,0,0,0,6.89655172413793,0,27.5862068965517,0,0,0,0,0,0,0,1.72413793103448,0,0,0,0,0,0,0,0,0,0,0,0,0,0,1.72413793103448,0,0,0,0,0,0,0,0,0,0,0,0,0,0,0,0,0,0,0,0,0,0,0,0,1.72413793103448,0,0,1.72413793103448,0,0,0,0,0,0,0,0,0,0,0,0,0,0,0,0,0,0,0,0,1.72413793103448,0,0,0,0,0,0,0,0,0,0,0,0,0,0,0,0,0,0,0,0,10.3448275862069,0,0,0,3.44827586206897,0,0,0,0,0,0,0,0,0,0,0,0,0,0,1.72413793103448,0,0,5.17241379310345,0,0,0,0,0,0,0,0,17.2413793103448,0,0,1.72413793103448,0,6.89655172413793,0,0,0,0,0,0,0,0,0,0,0,0
0,0,0,0,0,0,0,0,0,0,2,2,16,0,0,0,0,0,0,0,0,0,0,0,0,0,0,0,2,0,0,0,4,2,0,0,0,0,0,0,0,0,0,0,0,0,0,0,0,0,0,0,0,0,0,0,0,0,0,0,0,0,0,0,0,0,0,0,0,0,0,0,0,2,0,0,0,0,0,0,0,0,0,0,0,0,0,0,0,0,0,0,0,0,0,0,0,0,0,2,6,0,0,0,0,12,2,0,0,4,0,0,0,0,0,0,0,0,0,0,0,0,0,0,2,0,0,6,0,0,0,0,0,0,0,0,18,0,0,2,0,2,0,0,0,0,0,0,0,8,0,0,0,0
0,0,0,0,0,0,0,0,0,0,3.92156862745098,3.92156862745098,31.3725490196078,0,0,0,0,0,0,0,0,0,0,0,0,0,0,0,1.96078431372549,0,0,0,5.88235294117647,1.96078431372549,0,1.96078431372549,0,0,0,0,0,0,0,0,0,0,0,0,0,0,0,0,0,0,0,0,0,0,0,0,0,0,0,1.96078431372549,0,0,0,0,0,0,0,1.96078431372549,0,0,0,0,0,0,0,0,0,0,0,0,0,0,0,0,0,0,0,0,0,0,0,0,0,0,0,0,0,0,0,0,0,9.80392156862745,0,0,0,1.96078431372549,0,1.96078431372549,0,0,0,0,0,0,0,0,0,0,0,0,1.96078431372549,0,0,0,0,1.96078431372549,0,0,0,0,0,0,11.7647058823529,0,0,0,0,7.84313725490196,0,0,0,3.92156862745098,0,0,0,0,0,0,0,0
0,1.05263157894737,0,0,0,0,0,0,0,0,3.15789473684211,4.21052631578947,18.9473684210526,0,0,0,0,0,0,0,0,0,0,0,0,0,0,0,6.31578947368421,0,0,0,2.10526315789474,2.10526315789474,0,1.05263157894737,0,0,0,0,0,0,0,0,0,0,0,0,0,0,0,0,0,0,0,0,0,0,0,0,0,0,0,0,0,0,0,0,0,0,0,2.10526315789474,0,0,0,0,0,0,0,0,0,0,0,0,1.05263157894737,0,0,0,0,0,0,0,0,0,0,0,0,0,0,0,1.05263157894737,0,0,0,0,13.6842105263158,0,0,0,9.47368421052632,0,0,0,0,0,0,0,0,0,0,0,0,0,0,1.05263157894737,0,0,0,0,0,0,0,0,0,0,0,10.5263157894737,0,0,3.15789473684211,0,4.21052631578947,0,0,0,3.15789473684211,0,0,0,4.21052631578948,0,0,0,0
0,2.4390243902439,0,0,0,0,0,0,0,0,14.6341463414634,0,25.609756097561,0,0,0,0,0,0,0,0,0,0,0,0,0,0,0,3.65853658536585,0,0,0,1.21951219512195,4.8780487804878,0,0,0,0,1.21951219512195,0,0,0,0,0,0,0,0,0,0,0,0,0,0,0,0,0,0,0,0,0,0,0,0,0,0,0,0,0,0,0,0,3.65853658536585,0,0,0,0,0,0,0,0,0,0,0,0,0,0,0,0,0,0,0,0,0,0,0,0,0,0,0,1.21951219512195,2.4390243902439,0,0,0,0,10.9756097560976,0,0,0,1.21951219512195,0,0,0,0,0,0,0,0,0,0,0,0,0,0,1.21951219512195,0,0,1.21951219512195,0,0,0,0,0,0,0,0,8.53658536585366,0,0,3.65853658536585,0,3.65853658536585,0,0,0,1.21951219512195,0,0,0,2.4390243902439,0,0,0,0
0,0,0,0,0,0,0,0,0,0,0,8.82352941176471,29.4117647058824,0,0,1.47058823529412,0,0,0,0,0,0,0,0,0,0,0,0,1.47058823529412,0,0,0,10.2941176470588,0,0,0,0,0,0,0,0,0,0,0,0,0,0,0,0,0,0,0,0,0,0,0,0,0,0,0,0,0,0,0,0,0,0,0,0,0,0,4.41176470588235,0,0,0,0,0,0,0,0,0,0,0,0,0,0,0,0,0,0,0,0,0,0,0,0,0,0,0,1.47058823529412,1.47058823529412,0,0,0,0,14.705882352941138,0,0,0,0,0,0,0,0,0,0,0,0,0,0,0,0,0,0,1.47058823529412,0,0,2.94117647058824,0,0,0,0,0,0,0,0,10.2941176470588,0,0,0,0,5.88235294117647,0,0,0,0,0,0,0,0,0,0,0,0
0,0,0,0,0,0,0,0,0,0,4.91803278688525,6.55737704918033,18.0327868852459,0,0,0,0,0,0,0,1.63934426229508,0,0,0,0,0,0,0,1.63934426229508,0,0,0,1.63934426229508,0,0,1.63934426229508,0,0,0,0,0,0,0,0,0,0,0,0,0,0,0,0,0,0,0,0,0,0,0,0,0,0,0,0,0,0,0,0,0,0,0,1.63934426229508,0,0,1.63934426229508,0,0,0,0,0,0,0,0,0,1.63934426229508,0,0,0,0,0,0,0,0,0,0,0,0,0,0,0,1.63934426229508,0,0,0,0,11.4754098360656,0,0,0,1.63934426229508,0,0,0,0,0,0,0,0,0,0,0,0,0,0,6.55737704918033,0,0,1.63934426229508,0,0,0,1.63934426229508,0,0,0,0,18.0327868852459,0,0,0,0,3.27868852459016,0,0,0,0,0,0,0,1.63934426229508,0,0,0,0
0,1.81818181818182,0,0,0,0,0,0,0,0,3.63636363636364,7.27272727272727,32.7272727272727,0,0,0,0,0,0,0,1.81818181818182,0,0,0,0,0,0,0,0,0,0,0,7.27272727272727,0,0,1.81818181818182,0,0,0,0,0,0,0,0,0,0,0,0,0,0,0,0,0,0,0,0,0,0,0,0,0,0,0,0,0,0,0,0,0,0,0,0,0,0,0,0,0,0,0,0,0,0,0,0,0,0,0,0,0,0,0,0,1.81818181818182,0,0,0,0,0,0,0,1.81818181818182,0,0,0,0,3.63636363636364,0,0,0,1.81818181818182,0,1.81818181818182,0,0,0,0,0,0,0,0,0,0,0,0,1.81818181818182,0,1.81818181818182,0,0,3.63636363636364,1.81818181818182,0,0,0,0,0,3.63636363636364,0,0,0,0,7.27272727272727,0,0,0,3.63636363636364,0,0,0,1.81818181818182,0,0,0,0
0,0,0,0,0,0,0,0,0,0,8.21917808219178,8.21917808219178,24.6575342465753,0,0,0,0,0,0,0,0,1.36986301369863,0,0,0,0,0,0,1.36986301369863,0,0,0,4.10958904109589,0,0,2.73972602739726,0,0,0,0,0,0,0,0,0,0,0,0,0,0,0,0,0,0,0,0,0,1.36986301369863,0,0,0,0,0,0,0,0,0,0,0,0,0,1.36986301369863,0,0,0,0,0,0,0,0,0,0,1.36986301369863,0,1.36986301369863,0,0,0,0,0,0,0,0,0,0,0,0,0,0,4.10958904109589,1.36986301369863,0,0,0,0,8.21917808219178,0,0,0,4.10958904109589,0,0,0,0,0,0,0,0,0,0,0,0,0,0,1.36986301369863,0,0,1.36986301369863,0,0,0,0,0,0,0,0,10.958904109589,0,0,0,0,0,1.36986301369863,0,0,1.36986301369863,0,0,0,5.47945205479452,0,0,0,0
0,0,0,0,0,0,0,0,0,2,0,0,34,0,0,0,0,0,0,0,4,0,0,0,0,0,0,0,4,0,0,0,0,0,0,0,0,0,0,0,0,0,0,0,0,0,0,0,0,0,0,0,0,0,0,0,0,0,0,0,2,0,0,0,0,0,0,0,0,0,0,2,0,0,0,0,0,0,0,0,0,0,0,0,2,0,0,0,0,0,0,0,0,0,0,0,0,0,0,4,2,0,0,0,0,10,0,0,0,0,0,0,0,0,0,0,0,0,0,0,0,0,0,0,4,0,0,2,0,0,0,0,0,0,0,0,8,0,0,0,0,4,0,0,0,0,0,0,0,6,0,0,0,0
0,0,0,0,0,0,0,0,0,0,0,1.49253731343284,28.3582089552239,0,1.49253731343284,0,0,0,0,0,1.49253731343284,1.49253731343284,0,0,0,0,0,0,1.49253731343284,0,0,0,1.49253731343284,0,0,0,0,0,0,0,0,0,0,0,0,0,0,0,0,0,0,0,0,0,0,0,0,0,0,0,0,0,0,1.49253731343284,0,0,0,0,0,0,0,0,0,0,0,0,0,0,0,0,0,0,0,0,1.49253731343284,0,0,0,0,0,0,0,0,0,0,0,0,0,0,5.97014925373134,1.49253731343284,0,0,0,0,5.97014925373134,0,0,0,0,0,0,0,0,0,0,0,0,0,0,0,0,0,0,2.98507462686567,0,0,1.49253731343284,0,2.98507462686567,0,0,0,0,0,0,14.9253731343284,0,0,0,0,10.4477611940298,0,0,0,2.98507462686567,0,0,0,2.98507462686567,0,0,0,0
0,0,0,0,0,0,0,0,0,1.92307692307692,0,0,30.7692307692308,0,0,0,0,0,0,0,1.92307692307692,0,0,0,0,0,0,0,0,0,0,0,5.76923076923077,0,0,1.92307692307692,0,0,0,0,0,0,0,0,0,0,0,0,0,0,0,0,0,0,0,0,0,0,0,0,0,0,0,0,0,0,0,0,0,0,0,0,0,0,0,0,0,0,0,0,0,0,0,0,3.84615384615385,0,0,0,0,0,0,0,0,0,0,0,0,0,0,7.69230769230769,0,0,0,0,0,7.69230769230769,0,0,0,1.92307692307692,0,0,0,0,0,0,0,0,0,0,0,0,0,0,0,0,0,0,0,1.92307692307692,0,0,0,0,0,0,19.2307692307692,0,1.92307692307692,0,0,7.69230769230769,0,0,0,3.84615384615385,0,0,0,0,0,0,0,0
0,0,0,0,0,0,0,0,0,0,9.43396226415094,1.88679245283019,26.4150943396226,0,0,0,0,0,0,0,1.88679245283019,0,0,0,0,0,0,0,1.88679245283019,0,0,0,0,0,0,3.77358490566038,0,0,0,0,0,0,0,0,0,0,0,0,0,0,0,0,0,0,0,0,0,0,0,0,0,0,0,0,0,0,0,0,0,0,0,0,0,0,0,0,0,0,0,0,0,0,0,0,1.88679245283019,0,0,0,0,0,0,1.88679245283019,0,0,0,0,0,0,0,1.88679245283019,1.88679245283019,0,0,0,0,11.320754716981131,0,0,0,1.88679245283019,0,0,0,0,0,0,0,0,0,0,0,0,0,0,7.54716981132075,0,0,0,0,0,0,0,0,0,0,0,18.8679245283019,0,0,0,0,5.66037735849057,0,0,0,0,0,0,0,0,0,0,0,0
0,0,0,0,0,0,0,0,0,2.38095238095238,7.14285714285714,4.76190476190476,28.5714285714286,0,0,0,0,0,0,0,0,0,0,0,0,0,0,0,4.76190476190476,0,0,0,0,0,0,2.38095238095238,0,0,0,0,0,0,0,0,0,0,0,0,0,0,0,0,0,0,0,0,0,0,0,0,0,0,0,0,0,0,0,0,0,0,0,0,0,0,0,0,0,0,0,0,0,0,0,0,0,0,0,0,0,0,0,0,0,0,0,0,0,0,0,4.76190476190476,0,0,0,0,0,11.9047619047619,0,0,0,2.38095238095238,0,0,0,0,0,0,0,0,0,0,0,0,0,0,0,0,0,0,0,4.76190476190476,0,0,0,0,0,0,11.9047619047619,0,0,0,0,9.52380952380952,0,0,0,0,0,0,0,2.38095238095238,0,0,0,0
0,0,0,0,0,0,0,0,0,0,6.12244897959184,2.04081632653061,16.3265306122449,0,0,2.04081632653061,0,0,0,0,0,0,0,0,0,0,0,0,2.04081632653061,0,0,0,4.08163265306122,0,0,2.04081632653061,0,2.04081632653061,0,0,0,0,0,0,0,0,0,0,0,0,0,0,0,0,0,0,0,0,0,0,0,0,0,0,0,0,0,0,0,0,0,6.12244897959184,0,0,0,0,0,0,0,0,0,0,0,0,4.08163265306122,0,0,0,0,0,0,0,0,0,0,0,0,0,0,0,0,0,0,0,0,10.2040816326531,0,0,0,2.04081632653061,0,0,0,0,0,0,0,0,0,0,0,0,0,0,0,0,0,6.12244897959184,0,0,0,0,0,0,0,0,10.2040816326531,0,0,0,0,4.08163265306122,0,0,0,6.12244897959183,0,0,0,8.16326530612244,0,0,0,0
0,0,0,0,0,0,0,0,0,1.61290322580645,8.06451612903226,6.45161290322581,20.9677419354839,0,0,0,0,0,0,0,1.61290322580645,0,0,0,0,0,0,0,3.2258064516129,0,0,0,1.61290322580645,0,0,1.61290322580645,0,0,0,0,0,0,0,0,0,0,0,0,0,0,0,0,0,0,0,0,0,0,0,0,0,0,0,0,0,0,0,0,0,0,0,0,0,0,0,0,0,0,0,0,0,0,0,0,3.2258064516129,0,0,0,0,0,0,0,0,0,0,0,0,0,0,1.61290322580645,1.61290322580645,0,0,0,0,8.06451612903226,0,0,0,0,0,0,0,0,0,0,0,0,0,0,0,0,0,0,4.83870967741935,0,1.61290322580645,3.2258064516129,0,1.61290322580645,0,0,0,0,0,0,14.5161290322581,0,0,0,0,6.45161290322581,0,0,0,1.61290322580645,0,0,0,1.61290322580645,0,0,0,0
0,0,0,0,0,0,0,0,0,1.31578947368421,3.94736842105263,2.63157894736842,26.3157894736842,0,0,0,0,0,0,0,0,0,0,0,0,0,0,0,0,0,0,0,6.57894736842105,0,0,0,0,1.31578947368421,0,0,0,0,0,0,0,0,0,0,0,0,0,0,0,0,0,0,0,0,0,0,0,0,0,0,0,0,0,0,0,0,0,2.63157894736842,0,2.63157894736842,0,0,0,0,0,0,0,0,0,0,0,0,0,0,0,0,0,0,0,0,1.31578947368421,0,0,0,0,2.63157894736842,1.31578947368421,0,0,0,0,7.89473684210526,0,0,0,2.63157894736842,0,1.31578947368421,0,0,0,0,0,0,0,0,0,0,0,0,0,0,0,1.31578947368421,0,1.31578947368421,0,0,0,0,0,0,15.7894736842105,0,0,0,0,5.26315789473684,0,1.31578947368421,0,1.31578947368421,0,0,0,1.31578947368421,0,0,0,0
0,0,0,0,0,0,0,0,0,0,12.7272727272727,1.81818181818182,21.8181818181818,0,0,0,0,0,0,0,0,0,0,0,0,0,0,0,5.45454545454545,0,0,0,0,0,0,0,0,0,0,0,0,0,0,0,0,0,0,0,0,0,0,0,0,0,0,0,0,0,0,0,0,0,0,0,0,0,0,0,0,0,0,3.63636363636364,0,0,0,0,0,0,0,0,0,0,0,0,0,0,0,0,0,0,0,1.81818181818182,0,0,1.81818181818182,0,0,0,0,3.63636363636364,0,0,0,0,0,12.7272727272727,0,0,0,0,0,1.81818181818182,0,0,0,0,0,0,0,0,0,0,0,0,0,0,0,0,0,1.81818181818182,0,0,0,0,0,0,18.1818181818182,0,0,1.81818181818182,0,3.63636363636364,0,0,0,0,0,0,0,3.63636363636364,0,0,0,0
0,0,0,0,0,0,0,0,0,0,1.26582278481013,2.53164556962025,37.9746835443038,0,0,1.26582278481013,0,0,0,0,1.26582278481013,0,0,0,0,0,0,0,1.26582278481013,0,0,0,1.26582278481013,0,0,1.26582278481013,0,0,0,0,0,0,0,0,0,0,0,0,0,0,0,0,0,0,0,0,0,0,0,0,1.26582278481013,0,0,1.26582278481013,2.53164556962025,0,0,0,0,0,0,1.26582278481013,0,1.26582278481013,0,0,0,0,0,0,0,0,2.53164556962025,0,1.26582278481013,0,0,0,0,0,0,0,0,0,1.26582278481013,0,0,0,0,0,0,0,0,0,0,10.126582278481,1.26582278481013,0,0,2.53164556962025,0,0,0,0,0,0,0,0,0,0,0,0,0,0,3.79746835443038,0,0,0,0,0,0,0,0,0,0,0,8.86075949367089,0,0,0,0,7.59493670886076,0,0,0,0,0,0,0,1.26582278481013,0,0,0,0
0,1.61290322580645,0,0,0,0,0,0,0,0,3.2258064516129,6.45161290322581,22.5806451612903,0,0,0,0,0,0,0,0,1.61290322580645,0,0,0,0,0,0,1.61290322580645,0,0,0,1.61290322580645,0,0,0,0,1.61290322580645,0,0,0,0,0,0,0,0,0,0,0,0,0,0,0,0,0,0,0,0,0,0,0,0,0,0,0,0,0,0,0,0,0,3.2258064516129,0,0,0,0,0,0,0,0,0,0,0,0,1.61290322580645,0,0,0,1.61290322580645,0,0,0,0,0,0,0,1.61290322580645,0,0,3.2258064516129,0,0,0,0,0,11.2903225806452,0,0,0,1.61290322580645,0,0,0,0,0,0,0,0,0,0,0,0,0,0,0,0,0,0,0,0,0,0,0,0,0,0,20.9677419354839,0,0,0,0,3.2258064516129,0,0,0,1.61290322580645,0,0,0,4.83870967741935,0,0,0,0
0,0,0,0,0,0,0,0,0,0,1.17647058823529,4.70588235294117,31.7647058823529,0,0,1.17647058823529,0,0,0,0,1.17647058823529,0,0,0,0,0,0,0,2.35294117647059,0,0,0,1.17647058823529,0,0,2.35294117647059,2.35294117647059,0,0,0,0,0,0,0,0,0,0,0,0,0,0,0,0,0,0,0,0,0,0,0,0,0,0,1.17647058823529,0,0,0,0,0,0,0,3.52941176470588,0,0,0,0,0,0,0,0,0,0,0,0,2.35294117647059,0,0,0,0,0,0,0,0,0,0,0,0,0,0,1.17647058823529,0,0,0,0,0,9.41176470588235,0,0,0,1.17647058823529,1.17647058823529,1.17647058823529,0,0,0,0,0,0,0,0,0,0,0,0,3.52941176470588,0,1.17647058823529,0,0,2.35294117647059,0,0,0,0,0,0,11.7647058823529,0,0,0,0,2.35294117647059,0,0,0,1.17647058823529,0,0,0,4.70588235294118,0,0,0,0
0,3.79746835443038,0,0,0,0,0,0,0,0,5.06329113924051,0,24.0506329113924,0,0,1.26582278481013,0,0,0,0,2.53164556962025,1.26582278481013,0,0,0,0,0,0,2.53164556962025,0,0,0,1.26582278481013,0,0,0,0,0,0,0,0,0,0,0,0,0,0,0,0,0,0,0,0,0,0,0,0,0,0,0,0,0,0,0,0,0,0,1.26582278481013,0,0,0,2.53164556962025,0,0,0,0,0,0,0,0,0,0,0,0,2.53164556962025,0,0,0,0,0,0,0,0,0,0,0,0,0,0,2.53164556962025,0,0,0,0,0,12.65822784810123,0,0,0,7.59493670886076,0,0,0,0,0,0,0,0,0,0,0,0,0,0,2.53164556962025,0,1.26582278481013,0,0,0,0,0,0,0,0,0,10.126582278481,0,0,0,0,7.59493670886076,0,0,0,1.26582278481013,0,0,0,1.26582278481013,0,0,0,0
0,2,0,0,0,0,0,0,0,0,0,4,30,0,0,0,0,0,0,0,2,0,0,0,0,0,0,0,0,0,0,0,4,2,0,4,0,0,0,0,0,0,0,0,0,0,0,0,0,0,0,0,0,0,0,0,0,0,0,0,0,0,0,0,2,0,0,2,0,0,0,0,0,0,0,0,0,0,0,0,0,0,0,0,4,0,0,0,0,0,0,0,0,0,0,0,0,0,0,0,0,0,0,0,0,10,0,0,0,6,0,4,0,0,0,0,0,0,0,0,0,0,0,0,0,0,0,0,0,0,0,0,0,0,0,0,8,0,0,4,0,0,0,0,0,2,0,0,0,4,0,0,0,0
